2310123|9781119206911|2024-11-09
2310456|9782223334445|2024-11-10
2210122|9783334445556|2024-11-11
2210567|9784445556667|2024-11-12
2210678|9785556667778|2024-11-13
2210789|9786667778889|2024-11-14
2210345|9787778889990|2024-11-15
2010788|9788889991112|2024-11-16
2110234|9789991112223|2024-11-17
2310681|9781234567890|2024-11-18
2310124|9782345678901|2024-11-19
2310667|9783456789012|2024-11-20
2210245|9784567890123|2024-11-21
2310458|9785678901234|2024-11-22
2110199|9786789012345|2024-11-23
2310561|9787890123456|2024-11-24
2310785|9788901234567|2024-11-25
2310123|9786667778889|2024-11-13
